{"mtx": [[797.4700726457755, 0.0, 326.3210931409378], [0.0, 797.8735695486948, 252.79936571700762], [0.0, 0.0, 1.0]], "dist": [[-0.056162210310789315, 1.0982384945944612, -0.000631581005675264, -0.001301603191510245, -3.2001785240637086]]}